{
  "code": 200,
  "data": {
    "Columns": [
      "time",
      "cpu",
      "memory",
      "net_in",
      "net_out",
      "disk_usage"
    ],
    "Values": [
      [
        1763042400,
        0.2723370666666666,
        9235387.733333332,
        119.27655555556218,
        552.9749444442988,
        0
      ]
    ]
  }
}